ID,Check_,State,Time
1,1,Start,03:00:00
2,1,Success,04:00:00
3,2,Start,05:00:00
4,2,Success,06:00:00
5,3,Start,07:00:00
6,3,Success,08:00:00
7,4,Start,09:00:00
8,4,Success,10:00:00
9,5,Start,11:00:00
10,5,Success,12:00:00
11,6,Start,13:00:00
12,7,Start,13:00:00
13,8,Start,13:00:00
14,6,Success,14:00:00
15,7,Success,14:00:00
16,8,Success,14:00:00
17,9,Start,15:00:00
18,10,Start,15:00:00
19,9,Success,16:00:00
20,10,Success,16:00:00
21,11,Start,17:00:00
22,11,Success,18:00:00
23,12,Start,19:00:00
24,12,Success,20:00:00
25,13,Start,21:00:00
26,13,Success,22:00:00
27,14,Start,23:00:00
28,14,Success,23:30:00
29,15,Start,03:00:00
30,15,Success,04:00:00
31,16,Start,05:00:00
32,17,Start,05:00:00
33,18,Start,05:00:00
34,16,Success,06:00:00
35,17,Success,06:00:00
36,18,Success,06:00:00
37,19,Start,07:00:00
38,20,Start,07:00:00
39,19,Success,08:00:00
40,20,Success,08:00:00
41,21,Start,09:00:00
42,21,Success,10:00:00
43,22,Start,11:00:00
44,22,Success,12:00:00
45,23,Start,13:00:00
46,23,Success,14:00:00
47,24,Start,15:00:00
48,24,Success,16:00:00
49,25,Start,17:00:00
50,25,Success,18:00:00
51,26,Start,19:00:00
52,26,Success,20:00:00
53,27,Start,21:00:00
54,27,Success,22:00:00
55,28,Start,23:00:00
56,28,Success,23:30:00
57,29,Start,03:00:00
58,29,Success,04:00:00
59,30,Start,05:00:00
60,30,Success,06:00:00
61,31,Start,07:00:00
62,32,Start,07:00:00
63,33,Start,07:00:00
64,31,Success,08:00:00
65,32,Success,08:00:00
66,33,Success,08:00:00
67,34,Start,09:00:00
68,35,Start,09:00:00
69,34,Success,10:00:00
70,35,Success,10:00:00
71,36,Start,11:00:00
72,36,Success,11:30:00
73,37,Start,12:00:00
74,37,Success,13:00:00
75,38,Start,14:00:00
76,38,Success,15:00:00
77,39,Start,16:00:00
78,39,Success,17:00:00
79,40,Start,18:00:00
80,40,Success,19:00:00
81,41,Start,20:00:00
82,42,Start,20:00:00
83,43,Start,20:00:00
84,41,Success,21:00:00
85,42,Success,21:00:00
86,43,Success,21:00:00
87,44,Start,22:00:00
88,44,Success,23:00:00
89,45,Start,23:30:00
90,45,Success,23:45:00
91,46,Start,03:00:00
92,46,Success,04:00:00
93,47,Start,05:00:00
94,47,Success,06:00:00
95,48,Start,07:00:00
96,48,Success,08:00:00
97,49,Start,09:00:00
98,49,Success,10:00:00
99,50,Start,11:00:00
100,50,Success,12:00:00
101,51,Start,13:00:00
102,51,Success,14:00:00
103,52,Start,15:00:00
104,52,Success,16:00:00
105,53,Start,17:00:00
106,53,Success,18:00:00
107,54,Start,19:00:00
108,54,Success,20:00:00
109,55,Start,21:00:00
110,55,Success,22:00:00
111,56,Start,23:00:00
112,56,Success,23:30:00
113,57,Start,03:00:00
114,57,Success,04:00:00
115,58,Start,05:00:00
116,58,Success,06:00:00
117,59,Start,07:00:00
118,59,Success,08:00:00
119,60,Start,09:00:00
120,60,Success,10:00:00
121,61,Start,11:00:00
122,62,Start,11:00:00
123,63,Start,11:00:00
124,64,Start,11:00:00
125,65,Start,11:00:00
126,61,Success,12:00:00
127,62,Success,12:00:00
128,63,Success,12:00:00
129,64,Success,12:00:00
130,65,Success,12:00:00
131,66,Start,13:00:00
132,66,Success,14:00:00
133,67,Start,15:00:00
134,67,Success,16:00:00
135,68,Start,17:00:00
136,68,Success,18:00:00
137,69,Start,19:00:00
138,69,Success,20:00:00
139,70,Start,21:00:00
140,70,Success,22:00:00
141,76,Start,03:00:00
142,76,Failure,04:00:00
143,77,Start,05:00:00
144,77,Failure,06:00:00
145,78,Start,07:00:00
146,78,Failure,08:00:00
147,79,Start,09:00:00
148,79,Success,10:00:00
149,80,Start,11:00:00
150,80,Success,12:00:00
151,81,Start,13:00:00
152,82,Start,13:00:00
153,83,Start,13:00:00
154,84,Start,13:00:00
155,85,Start,13:00:00
156,81,Success,14:00:00
157,82,Success,14:00:00
158,83,Success,14:00:00
159,84,Success,14:00:00
160,85,Success,14:00:00
161,86,Start,14:00:00
162,86,Success,14:00:00